
{
    "type":"FeatureCollection",
    "generator":"JOSM",
    "features":[
        {
            "type":"Feature",
            "properties":{
                "source":"PCN",
                "name":"Nera",
                "waterway":"river"
            },
            "geometry":{
                "type":"LineString",
                "coordinates":[
                    [
                        12.6186404,
                        42.5606258
                    ],
                    [
                        12.6186969,
                        42.5619256
                    ],
                    [
                        12.618582,
                        42.5625508
                    ],
                    [
                        12.6181222,
                        42.5634104
                    ],
                    [
                        12.6166721,
                        42.564231
                    ],
                    [
                        12.6162831,
                        42.5642766
                    ],
                    [
                        12.6155757,
                        42.5641138
                    ],
                    [
                        12.6121451,
                        42.5623164
                    ],
                    [
                        12.6115869,
                        42.5622072
                    ],
                    [
                        12.6110311,
                        42.5621926
                    ],
                    [
                        12.6085819,
                        42.5625378
                    ],
                    [
                        12.6081663,
                        42.5625769
                    ],
                    [
                        12.6078215,
                        42.5624987
                    ],
                    [
                        12.6074501,
                        42.5622773
                    ],
                    [
                        12.6066613,
                        42.5613614
                    ],
                    [
                        12.6061592,
                        42.5610725
                    ],
                    [
                        12.6055445,
                        42.5609876
                    ],
                    [
                        12.6048153,
                        42.5610009
                    ],
                    [
                        12.6044665,
                        42.5610872
                    ],
                    [
                        12.60362,
                        42.5615349
                    ],
                    [
                        12.602375,
                        42.5621015
                    ],
                    [
                        12.6019063,
                        42.5621926
                    ],
                    [
                        12.6000142,
                        42.5622968
                    ],
                    [
                        12.598626,
                        42.5627136
                    ],
                    [
                        12.5979541,
                        42.5630197
                    ],
                    [
                        12.5972919,
                        42.5631113
                    ],
                    [
                        12.5970402,
                        42.5629972
                    ],
                    [
                        12.5962907,
                        42.5620819
                    ],
                    [
                        12.5960177,
                        42.5619191
                    ],
                    [
                        12.5953015,
                        42.561867
                    ],
                    [
                        12.5948064,
                        42.5617628
                    ],
                    [
                        12.5923837,
                        42.5601868
                    ],
                    [
                        12.5919682,
                        42.5600891
                    ],
                    [
                        12.5907038,
                        42.5593532
                    ],
                    [
                        12.5897754,
                        42.5590992
                    ],
                    [
                        12.587229,
                        42.5591969
                    ],
                    [
                        12.5863094,
                        42.5590992
                    ],
                    [
                        12.5850451,
                        42.5587475
                    ],
                    [
                        12.5840459,
                        42.558246
                    ],
                    [
                        12.5824389,
                        42.5570938
                    ],
                    [
                        12.5817208,
                        42.5566365
                    ],
                    [
                        12.5809303,
                        42.5563235
                    ],
                    [
                        12.5805745,
                        42.5562536
                    ],
                    [
                        12.5802582,
                        42.556285
                    ],
                    [
                        12.5799579,
                        42.5563846
                    ],
                    [
                        12.578913,
                        42.5570823
                    ],
                    [
                        12.5783448,
                        42.5572219
                    ],
                    [
                        12.5771897,
                        42.5574282
                    ],
                    [
                        12.5716778,
                        42.5579694
                    ],
                    [
                        12.5680119,
                        42.5586336
                    ],
                    [
                        12.5659387,
                        42.5593929
                    ],
                    [
                        12.565144,
                        42.5596547
                    ],
                    [
                        12.5647247,
                        42.5597348
                    ],
                    [
                        12.5642665,
                        42.5598032
                    ],
                    [
                        12.5631155,
                        42.559803
                    ],
                    [
                        12.5619068,
                        42.559392
                    ],
                    [
                        12.5614569,
                        42.5591293
                    ],
                    [
                        12.5608787,
                        42.5584762
                    ],
                    [
                        12.560795,
                        42.5574177
                    ],
                    [
                        12.5599882,
                        42.5550599
                    ],
                    [
                        12.5597037,
                        42.554703
                    ],
                    [
                        12.5592764,
                        42.5543979
                    ],
                    [
                        12.5572492,
                        42.5542485
                    ],
                    [
                        12.5559639,
                        42.5542224
                    ],
                    [
                        12.5554465,
                        42.5541473
                    ],
                    [
                        12.5549407,
                        42.5539542
                    ],
                    [
                        12.5547068,
                        42.5537667
                    ],
                    [
                        12.5545775,
                        42.5535641
                    ],
                    [
                        12.5544759,
                        42.552871
                    ],
                    [
                        12.5545654,
                        42.5521642
                    ],
                    [
                        12.5548648,
                        42.55169
                    ],
                    [
                        12.5556811,
                        42.551221
                    ],
                    [
                        12.5569513,
                        42.5506383
                    ],
                    [
                        12.5578389,
                        42.5499148
                    ],
                    [
                        12.5585933,
                        42.549154
                    ],
                    [
                        12.5593196,
                        42.5482544
                    ],
                    [
                        12.5599125,
                        42.5473671
                    ],
                    [
                        12.5601298,
                        42.5465652
                    ],
                    [
                        12.5600647,
                        42.5461979
                    ],
                    [
                        12.5599217,
                        42.5458577
                    ],
                    [
                        12.5596663,
                        42.5455339
                    ],
                    [
                        12.5593451,
                        42.5452498
                    ],
                    [
                        12.5589264,
                        42.5450168
                    ],
                    [
                        12.5559205,
                        42.5441244
                    ],
                    [
                        12.5545679,
                        42.5436423
                    ],
                    [
                        12.5528533,
                        42.5429392
                    ],
                    [
                        12.5524651,
                        42.5429586
                    ],
                    [
                        12.5520381,
                        42.5430757
                    ],
                    [
                        12.5517631,
                        42.543392
                    ],
                    [
                        12.5509144,
                        42.5464414
                    ],
                    [
                        12.5506237,
                        42.5468665
                    ],
                    [
                        12.5501973,
                        42.5472964
                    ],
                    [
                        12.5497677,
                        42.5474837
                    ],
                    [
                        12.5495066,
                        42.5475508
                    ],
                    [
                        12.5492284,
                        42.547547
                    ],
                    [
                        12.5435413,
                        42.5448536
                    ],
                    [
                        12.5422342,
                        42.5440212
                    ],
                    [
                        12.5412522,
                        42.5436527
                    ],
                    [
                        12.5397342,
                        42.5433211
                    ],
                    [
                        12.5391832,
                        42.5432828
                    ],
                    [
                        12.5383804,
                        42.543366
                    ],
                    [
                        12.5374622,
                        42.5433627
                    ],
                    [
                        12.5369992,
                        42.5431694
                    ],
                    [
                        12.5365902,
                        42.542826
                    ],
                    [
                        12.5362597,
                        42.5422176
                    ],
                    [
                        12.5362691,
                        42.5417211
                    ],
                    [
                        12.537142,
                        42.5377542
                    ],
                    [
                        12.5371109,
                        42.5373606
                    ],
                    [
                        12.5370123,
                        42.5371817
                    ],
                    [
                        12.5368641,
                        42.5370306
                    ],
                    [
                        12.5365873,
                        42.5368685
                    ],
                    [
                        12.5359601,
                        42.5366661
                    ],
                    [
                        12.5328691,
                        42.5368379
                    ],
                    [
                        12.5318709,
                        42.5368039
                    ],
                    [
                        12.5311499,
                        42.5364598
                    ],
                    [
                        12.5308596,
                        42.5361477
                    ],
                    [
                        12.5305417,
                        42.5358967
                    ],
                    [
                        12.5303879,
                        42.535583
                    ],
                    [
                        12.530632,
                        42.5351572
                    ],
                    [
                        12.5311903,
                        42.5348261
                    ],
                    [
                        12.5352488,
                        42.5337852
                    ],
                    [
                        12.5357949,
                        42.5337713
                    ],
                    [
                        12.5369312,
                        42.5340372
                    ],
                    [
                        12.5375318,
                        42.534026
                    ],
                    [
                        12.5383248,
                        42.5339463
                    ],
                    [
                        12.5387768,
                        42.533752
                    ],
                    [
                        12.5397779,
                        42.5334314
                    ],
                    [
                        12.5406108,
                        42.5330203
                    ],
                    [
                        12.5408316,
                        42.5328367
                    ],
                    [
                        12.5409443,
                        42.5325698
                    ],
                    [
                        12.5409455,
                        42.5322887
                    ],
                    [
                        12.5406076,
                        42.53201
                    ],
                    [
                        12.5395856,
                        42.5313824
                    ],
                    [
                        12.5388221,
                        42.5306995
                    ],
                    [
                        12.5384665,
                        42.5301971
                    ],
                    [
                        12.5384307,
                        42.5299597
                    ],
                    [
                        12.5385687,
                        42.5295923
                    ],
                    [
                        12.5394242,
                        42.528623
                    ],
                    [
                        12.5397244,
                        42.5281252
                    ],
                    [
                        12.5397502,
                        42.5279358
                    ],
                    [
                        12.539692,
                        42.5277958
                    ],
                    [
                        12.539434,
                        42.5275435
                    ],
                    [
                        12.5391978,
                        42.5274338
                    ],
                    [
                        12.5388606,
                        42.5273928
                    ],
                    [
                        12.5383995,
                        42.5274225
                    ],
                    [
                        12.5380083,
                        42.527543
                    ],
                    [
                        12.5371721,
                        42.5279527
                    ],
                    [
                        12.5364664,
                        42.5283797
                    ],
                    [
                        12.5358302,
                        42.5285236
                    ],
                    [
                        12.5354834,
                        42.5285515
                    ],
                    [
                        12.5345964,
                        42.5284496
                    ],
                    [
                        12.5338834,
                        42.5281023
                    ],
                    [
                        12.5328833,
                        42.5275298
                    ],
                    [
                        12.5316105,
                        42.5269949
                    ],
                    [
                        12.5305544,
                        42.5267734
                    ],
                    [
                        12.528793,
                        42.5265767
                    ],
                    [
                        12.5277884,
                        42.5265158
                    ],
                    [
                        12.5267429,
                        42.5265677
                    ],
                    [
                        12.5256672,
                        42.526764
                    ],
                    [
                        12.5250627,
                        42.5271145
                    ],
                    [
                        12.5239824,
                        42.528086
                    ],
                    [
                        12.5230887,
                        42.5285307
                    ],
                    [
                        12.5213597,
                        42.5289171
                    ],
                    [
                        12.5208892,
                        42.5288857
                    ],
                    [
                        12.5202131,
                        42.5286617
                    ],
                    [
                        12.5178865,
                        42.5271593
                    ],
                    [
                        12.5172278,
                        42.5265781
                    ],
                    [
                        12.5169674,
                        42.5260645
                    ],
                    [
                        12.5165189,
                        42.5258091
                    ],
                    [
                        12.5159752,
                        42.5255495
                    ],
                    [
                        12.5152689,
                        42.5253751
                    ],
                    [
                        12.5133933,
                        42.5253678
                    ],
                    [
                        12.5128708,
                        42.5252276
                    ],
                    [
                        12.5122798,
                        42.524984
                    ],
                    [
                        12.5117518,
                        42.5246391
                    ],
                    [
                        12.5112313,
                        42.5241566
                    ],
                    [
                        12.5107415,
                        42.5231693
                    ],
                    [
                        12.5108293,
                        42.5225079
                    ],
                    [
                        12.5111438,
                        42.521904
                    ],
                    [
                        12.5115671,
                        42.5205738
                    ],
                    [
                        12.5116475,
                        42.5190767
                    ],
                    [
                        12.511873,
                        42.518259
                    ],
                    [
                        12.5121936,
                        42.5174868
                    ],
                    [
                        12.5129464,
                        42.5164552
                    ],
                    [
                        12.5136984,
                        42.5150087
                    ],
                    [
                        12.513989,
                        42.5142951
                    ],
                    [
                        12.5143286,
                        42.5130826
                    ],
                    [
                        12.5140378,
                        42.5121368
                    ],
                    [
                        12.5136574,
                        42.5114523
                    ],
                    [
                        12.5136847,
                        42.5107095
                    ],
                    [
                        12.5138429,
                        42.5094438
                    ],
                    [
                        12.5134288,
                        42.507986
                    ],
                    [
                        12.5134581,
                        42.507445
                    ],
                    [
                        12.5139315,
                        42.5062213
                    ],
                    [
                        12.5141157,
                        42.5055066
                    ],
                    [
                        12.513921,
                        42.5051202
                    ],
                    [
                        12.5132713,
                        42.5047453
                    ],
                    [
                        12.5128878,
                        42.5042893
                    ],
                    [
                        12.5126143,
                        42.5038334
                    ],
                    [
                        12.5124216,
                        42.5036824
                    ],
                    [
                        12.5121611,
                        42.5035467
                    ],
                    [
                        12.5104083,
                        42.503056
                    ],
                    [
                        12.5097696,
                        42.503056
                    ],
                    [
                        12.5085951,
                        42.5032195
                    ],
                    [
                        12.5078864,
                        42.503208
                    ],
                    [
                        12.5058645,
                        42.5026941
                    ],
                    [
                        12.5036337,
                        42.5018878
                    ],
                    [
                        12.5027611,
                        42.5014545
                    ],
                    [
                        12.5014106,
                        42.5003811
                    ],
                    [
                        12.5003658,
                        42.4992199
                    ],
                    [
                        12.499396,
                        42.4984748
                    ],
                    [
                        12.4990587,
                        42.4979814
                    ],
                    [
                        12.4987941,
                        42.4977595
                    ],
                    [
                        12.4982346,
                        42.4974864
                    ],
                    [
                        12.4976303,
                        42.4973085
                    ],
                    [
                        12.4963744,
                        42.4971527
                    ],
                    [
                        12.4954974,
                        42.4972485
                    ],
                    [
                        12.4950862,
                        42.4971537
                    ],
                    [
                        12.4946586,
                        42.4971498
                    ],
                    [
                        12.4939477,
                        42.497232
                    ],
                    [
                        12.4934287,
                        42.497358
                    ],
                    [
                        12.4921477,
                        42.4982158
                    ],
                    [
                        12.4914262,
                        42.4987637
                    ],
                    [
                        12.4904024,
                        42.4993571
                    ],
                    [
                        12.4881429,
                        42.5013301
                    ],
                    [
                        12.4877477,
                        42.5014522
                    ],
                    [
                        12.4871752,
                        42.5014421
                    ],
                    [
                        12.4867017,
                        42.5013493
                    ],
                    [
                        12.4860942,
                        42.500969
                    ],
                    [
                        12.4845216,
                        42.5001858
                    ],
                    [
                        12.4840094,
                        42.4997801
                    ],
                    [
                        12.4831869,
                        42.4995892
                    ],
                    [
                        12.481568,
                        42.499536
                    ],
                    [
                        12.4806148,
                        42.499306
                    ],
                    [
                        12.4802128,
                        42.4988085
                    ],
                    [
                        12.4801612,
                        42.498463
                    ],
                    [
                        12.4799997,
                        42.4980535
                    ],
                    [
                        12.4793206,
                        42.4970728
                    ],
                    [
                        12.4785868,
                        42.4957445
                    ],
                    [
                        12.4781205,
                        42.4950733
                    ],
                    [
                        12.4775026,
                        42.4945138
                    ],
                    [
                        12.4770916,
                        42.4941924
                    ],
                    [
                        12.4759841,
                        42.4936347
                    ],
                    [
                        12.4752169,
                        42.4934514
                    ],
                    [
                        12.4748117,
                        42.4932721
                    ],
                    [
                        12.4742822,
                        42.4929614
                    ],
                    [
                        12.4738284,
                        42.4927861
                    ],
                    [
                        12.4727154,
                        42.4925192
                    ]
                ]
            }
        }
    ]
}
